numero;etablissement_id_paysage
1;
2;s3t8T
3;K4lR3
4;cqyN7
5;dPmxa
6;t6Cq5
7;dj88d
8;CdULA
9;1UWns
10;3F8N1
11;xJdyB
12;qUCQp
13;HCBvW
14;eUjTI
15;istya
16;Ky9jx
17;k26ny
18;8j5s2
19;ptxlK
20;arZm8
21;MMP0d
22;57OsX
23;Sxv3Z
24;f7Z7T
25;542Id
26;Hm42K
27;CK2Kt
28;H2FR3
29;xryex
30;p25Q3
31;ScF7P
32;0SFiy
33;GNg1V
34;bMdxT
35;ppmLm
36;atbEK
37;Q11Gt
38;xygAu
39;nkbwh
40;tcF16
41;1wLKV
42;pZm42
43;Lr94O
44;DGlr2
45;W161W
46;S4lCT
47;3pw8G
48;9wAap
49;90I54
50;A2229
51;7Mpgt
52;i9T1V
53;Y7ch7
54;G4572
55;htUEx
56;zKP8Y
57;06SE7
58;1ayaD
59;3hwBI
60;HAU8L
61;Y89IU
62;64Dyl
63;1PpB9
64;HqAYu
65;m7K6T
66;spUfc
67;kG9mD
68;A3mQB
69;v1rje
70;ELk7M
71;Mz90U
72;psuJz
73;evv7S
74;1I7hJ
75;506E3
76;773Hf
77;7W67W
78;6QONs
79;ti37C
80;cqkij
81;YcDF8
82;i17N4
83;0QACr
84;tIJ02
85;4Zt6G
86;dk854
87;URMS5
88;erm7R
89;IXHyv
90;D9q9L
91;h7F91
92;2Eh56
93;GJkuU
94;9xlel
95;7zzqc
96;HgMhY
97;xvV28
98;494D4
99;5tVy4
100;2KElE
101;GFqmC
102;j3us3
103;t3WSA
104;75Mv1
105;10pvi
106;Cn4UP
107;4Jk9N
108;YQ8Yh
109;U8a0v
110;EW53M
111;yH19Y
112;qilBy
113;9Adel
114;Pvwmp
115;BWbvP
116;OllTB
117;95NTn
118;Mz286
119;Gt9FS
120;bw4fT
121;n1W55
122;x16cz
123;4k25D
124;OJZ4a
125;VZVG8
126;6319j
127;3Um0y
128;etBz7
129;7Gzub
130;jegRO
131;J57c5
132;CUBKB
133;vpQUB
134;FkKyV
135;z38X1
136;z6eTe
137;uEmnM
138;zCa4j
139;65bvb
140;ZWrxb
141;s7GjA
142;UprfS
143;i2Smw
144;J95N8
145;q6c8w
146;8qNRd
147;vnpwW
148;6G2TU
149;8k883
150;bxPQe
151;5cZyU
152;4i3C4
153;UKEsZ
154;GN261
155;Dk1Th
156;J36yt
157;e6G95
158;LsQ24
159;0ijip
160;vb71K
161;3Z5e6
162;V13Pk
163;1E9cZ
164;qxqLi
165;yO6SJ
166;hlX1r
167;OUqnD
168;90pzW
169;7kmE5
170;mnCOC
171;PsHET
172;C701f
173;qpDiG
174;uZUdi
175;vxHYt
176;xRH6D
177;9lmMd
178;k2gSV
179;Gw8ZT
180;Una3p
181;WJOCl
182;DXab2
183;G2qA7
184;RN4E6
185;07AuS
186;g6rwB
187;qPh7U
188;3iN8i
189;Uxr7Z
190;RS4WF
191;liisE
192;pipY6
193;aZ4r6
194;NLCOF
195;7bBwJ
196;80sv9
197;a2MEj
198;8VsAj
199;7UFL2
200;hy4EW
201;cEt92
202;zepT6
203;iK5BF
204;H84zu
205;pgd9B
206;b8cay
207;PRA39
208;T8YyI
209;pVJpw
210;9dcen
211;Cs6X5
212;hZDc8
213;TWBzp
214;r0s1M
215;z3hdL
216;Fmmly
217;Pcixm
218;NLHLG
219;H9NqV
220;x04pV
221;I6hGW
222;N3i9H
223;b3OZT
224;481U7
225;Pi4HL
226;Q6uOU
227;8QDvM
228;xfGc4
229;73Oaz
230;a2t3v
231;fWJJA
232;Pe3aG
233;JUeTb
234;EM3xY
235;xMWFa
236;l4myZ
237;C6Ps7
238;G8QBG
239;Dy569
240;n2vXC
241;DOunC
242;XM8uj
243;A2hM0
244;NAzKJ
245;5nl3L
246;42F7G
247;8LnxR
248;19ezc
249;Y0uj4
250;42Fay
251;Hq9dm
252;1Dh2r
253;hh87F
254;Kf7y1
255;RYxQP
256;H3nOd
257;6Jl2q
258;GuT1Z
259;QY91W
260;BmNtV
261;4C5vX
262;b2TCC
263;wkykl
264;x2D1F
265;u79ZJ
266;4ywUF
267;zXTdv
268;DWgD5
269;2R8I2
270;79nwh
271;9vmP3
272;FADNw
273;Hw4ps
274;3T1at
275;JpuNC
276;hSppL
277;XR16q
278;gFP1V
279;0shwg
280;fHgMV
281;lV554
282;hfCvd
283;z4xJC
284;XT4q3
285;kWved
286;MihlE
287;QYw7j
288;ab5z5
289;3Ur31
290;5Zmt0
291;XqK4j
292;E9jq2
293;zaF3u
294;43ixN
295;3uQJp
296;X44iG
297;BS0jA
298;sZ1CV
299;Xv46w
300;Vd8Cr
301;x1pKu
302;GPTWQ
303;082H2
304;HDwQ1
305;6Ms46
306;qvczU
307;dq8e4
308;FKmfK
309;9Z1IH
310;nnYhN
311;9qILu
312;s7pH4
313;Wg3FO
314;BAEED
315;4600W
316;3Qirm
317;ubxIS
318;Ap9DV
319;f3cGB
320;4tiR0
321;8JpQ3
322;Tl1Qz
323;N74bq
324;6YGCF
325;S8ntZ
326;adzwf
327;TEgky
328;NgNNI
329;tJRnj
330;u4Xap
331;2dJ1B
332;1HuX6
333;n2IUE
334;VM60b
335;sCAhk
336;xfj39
337;722i5
338;uwAaW
339;Be257
340;D0bNR
341;c9294
342;15ue2
343;zK7KW
344;Vb5zS
345;KIgLT
346;C95ia
347;xqz64
348;SS9OP
349;569iS
350;3SqE2
351;D4xrV
352;z8973
353;RKQK0
354;Lnp5Y
355;MuSey
356;mFZJs
357;4Qjw8
358;0347i
359;v8eG1
360;JaqkX
361;F77ic
362;dQaK0
363;f2wCi
364;DdW7n
365;IAJOc
366;DPvVe
367;trYw7
368;nikMz
369;UavPW
370;Eut3y
371;eHi5c
372;PpsCQ
373;z9snj
374;WadM1
375;2CPf2
376;0XJbA
377;986lh
378;YMJiz
379;WsNr7
380;8tVLr
381;PVnB4
382;3GxJ8
383;8k41p
384;VAP7f
385;qjZCR
386;N3JIa
387;COHyx
388;v9u4C
389;GY9fU
390;1QAGq
391;379Wu
392;7NIu9
393;L9ef7
394;LuFcC
395;amDVF
396;1JZsy
397;p857H
398;8KDv9
399;2wSnU
400;7D5sn
401;S5SNt
402;qLjLx
403;d4Z26
404;vTqXG
405;eH13q
406;ax7Sh
407;Xxzax
408;WaB2p
409;a7M1V
410;Ail2e
411;BCXUO
412;851ij
413;11v7N
414;7OvAc
415;IjOqn
416;O2pb6
417;wW4GH
418;S88MV
419;qMU8E
420;kFcnq
421;7LRp1
422;nhwFO
423;5qSP3
424;bTFa9
425;vTS3w
426;2ALYK
427;J3Mu2
428;OZUAy
429;dFmGH
430;Dg3t8
431;eUZ73
432;gHSr6
433;xuH3p
434;PecVC
435;11Weg
436;n86Fr
437;wwcfR
438;Wb42S
439;MHneW
440;57Uhj
441;5Ic1n
442;7FIEi
443;u73A5
444;K7W42
445;C2lnR
446;FE1Ph
447;7Ohkg
448;f2SHC
449;6Th4v
450;0Y5I6
451;oSYea
452;76MfM
453;LeBl2
454;NV3O7
455;LllIv
456;TeXD3
457;jKV15
458;69r3J
459;W1ulE
460;dKUZ1
461;GGtO1
462;1H1nG
463;lfdJH
464;0hkYz
465;nvfx4
466;QaHfW
467;MI7uS
468;P64pi
469;54VTe
470;6ucJe
471;CYH3t
472;ZgGP9
473;vjIkw
474;csUhz
475;fAxYZ
476;khs4b
477;niQ5s
478;HgdTq
479;Uay3M
480;umnJ2
481;JgeYY
482;5cuYU
483;5qk98
484;Szqy5
485;7hB8r
486;GBpkg
487;7yd5d
488;QhvwL
489;upGa1
490;NxIiH
