numero;regr_forma
1;
2;Concours Geipi Polytech
3;Groupe INSA
4;Concours Puissance Alpha
5;Concours Avenir
6;EPF Sceaux
7;Concours Advance
8;La Prépa des INP - Groupe INP
9;Concours Passerelle Bachelor
10;Concours Bachelor IDRAC Business School
11;Concours CPI Chimie Gay-Lussac
12;GROUPE ICAM
13;CESI Ecole d?Ingénieurs ? Direction générale (Paris La Défense)
14;Réseau ScPo ? concours commun
15;Réseau France Agro 3
16;IESEG School of Management - Lille
17;Concours ACCES
18;Concours SESAME
19;ESSCA School of Management - Angers
20;Banque ECRICOME
21;Concours PASS
22;Institut Paul Bocuse
23;ESRA
24;Campus de l'excellence sportive de Bretagne
25;Centre de Ressources, d'Expertise et de Performance Sportive d'Ile de France (CREPS)
26;Centre de Ressources, d'Expertise et de Performance Sportive PACA - site de Boulouris (CREPS)
27;CREPS de Toulouse
28;Centre de Ressources, d'Expertise et de Performance Sportive de Poitiers (CREPS)
29;Université de Nantes
30;École Supérieure d'Art du Nord-Pas de Calais : Dunkerque-Tourcoing
31;INSA / Sciences Po (Rennes - Toulouse)
32;ECAM UniLaSalle Grandes Ecoles
33;Université du littoral - Site de Dunkerque
34;EGC d'Occitanie
35;Concours TALM
36;Lycée André Malraux
37;Concours TEAM
38;Ecole Camondo - Paris
39;Centre de Ressources, d'Expertise et de Performance Sportive PACA - site d'Aix-en-Provence (CREPS)
40;Centre de Ressources, d'Expertise et de Performance Sportive Bordeaux-Aquitaine (CREPS)
41;Réseau des Universités de Technologie
42;Toulouse Business School
43;Yschools - École Supérieure de Tourisme de Troyes
44;ESCEM Tours
45;Ecole nationale supérieure d'arts et métiers
46;Centre de Ressources, d'Expertise et de Performance Sportive de Dijon (CREPS)
47;South Champagne Business School
48;ESAIP Angers
49;Audencia Business School
50;Sup'Biotech Paris
51;Brest Business School
52;Ecole FERRANDI
53;CREPS Pays de la Loire - Antenne de Nantes
54;Association 3iS SUP
55;LaSalle Grandes Ecoles
56;Concours Atout+3
57;EGC Montauban
58;ECAM EPMI
59;CESI Ecole d’Ingénieurs – Direction générale (Paris La Défense)
60;Ecole supérieure d'art et de design TALM-Tours
61;ICD International Business School - Campus de Paris
62;Aix-Marseille Université - Site de Marseille
63;Universite Jean Monnet, Saint-Etienne
64;Admission FESIC - ECAM
65;EI.CESI - Cycle préparatoire technologique
66;EXIA.CESI - concours commun CESI
67;EPF Formations Binationales
68;UniLaSalle Terre et Sciences
69;UniLaSalle Beauvais-Rouen - Agronomie et Agro-industries
70;Université Clermont Auvergne
71;Université d'Orléans
72;ASKORIA
