numero;fil_lib_voe_acc
1;Formation d'ingénieur Bac + 5
2;Formation des écoles de commerce et de management Bac + 3
3;Electrotechnique
4;Conception de produits industriels
5;Commerce International
6;Métiers de l'audio-visuel opt : métiers du son
7;Métiers de l'audio-visuel opt : gestion de la production
8;Management Commercial Opérationnel
9;Conception et Réalisation de Systèmes Automatiques
10;Systèmes numériques - Option informatique et réseaux
11;Comptabilité et gestion
12;Diplôme de Comptabilité et de Gestion
13;Techniques de commercialisation
14;Carrières juridiques
15;PTSI
16;Systèmes numériques - Option électronique et communication
17;Développement et Réalisation Bois
18;Assistance technique d'ingénieur
19;Support à l'action managériale
20;Génie mécanique et productique
21;Management en hôtellerie restauration
22;Maintenance des systèmes - option A Systèmes de production
23;Négociation et digitalisation de la Relation Client
24;Professions immobilières
25;Assurance
26;Hôtellerie restauration
27;Tourisme
28;MPSI
29;Diététique
30;Production horticole
31;Gestion des entreprises et des administrations
32;Sciences de l'Homme, Anthropologie, Ethnologie
33;Histoire
34;Fluide, énergie, domotique - option A génie climatique et fluidique
35;Management économique de la construction
36;Travaux publics
37;Métiers du géomètre-topographe et de la modélisation numérique
38;Qualité, logistique industrielle et organisation
39;Economie sociale familiale
40;Techniques et services en matériels agricoles
41;PCSI
42;Contrôle industriel et régulation automatique
43;Communication
44;Langues étrangères appliquées
45;Service et prestation des secteurs sanitaire et social
46;Europlastics et composites à référentiel commun européen - option Pilotage et Optimisation de la production
47;Conception et réalisation en chaudronnerie industrielle
48;Informatique
49;Information communication Parcours communication des organisations
50;Analyses agricoles biologiques et biotechnologiques
51;BCPST
52;B/L - Lettres et sciences sociales
53;Maintenance des systèmes - option B Systèmes énergétiques et fluidiques
54;TB
55;Services informatiques aux organisations
56;Banque conseiller de clientèle
57;Gestion de la PME
58;Option lettres et sciences humaines (St Cyr)
59;Agronomie : Productions végétales
60;Sciences de la Vie et de la Terre : préparation aux concours B Agro et Véto (Sites Saint Charles)
61;Hygiène Sécurité Environnement
62;Management de la Logistique et des Transports
63;Langues, littératures & civilisations étrangères et régionales
64;Architectures en Métal : conception et Réalisation
65;TSI
66;Génie électrique et informatique industrielle
67;productions animales
68;Génie biologique parcours sciences de l'environnement et écotechnologies
69;Génie biologique parcours sciences de l'aliment et biotechnologie
70;Etudes de réalisation d'un projet de communication - 1ère année commune
71;Chimie
72;Arts du spectacle
73;ECT - Option technologique
74;Technico-commercial - Spécialité alimentation et boisson
75;Conception des processus de réalisation de produits (1ère année commune)
76;Technico-commercial - Spécialité univers jardins et animaux de compagnie
77;Aménagements paysagers
78;Gestion
79;Mathématiques
80;Géographie et aménagement
81;Bioanalyses et contrôles
82;Fonderie
83;Collaborateur juriste notarial
84;Génie civil - Construction durable
85;Mesures physiques
86;Gestion et protection de la nature
87;Technico-commercial - Spécialité produit de la filière bois
88;Sciences et Techniques des Activités Physiques et Sportives
89;Lettres
90;Fluide, énergie, domotique - option B froid et conditionnement d'air
91;Technico-commercial - Spécialité vins, bières et spiritueux
92;Viticulture-Oenologie
93;ENS Rennes D1
94;ENS Cachan D2
95;Animation et gestion des activités physiques, sportives ou culturelles
96;Bâtiment
97;Métiers de l'esthétique-cosmétique-parfumerie
98;Conseil et commercialisation de solutions techniques
99;Analyse, conduite et stratégie de l'entreprise agricole
100;Réseaux et télécommunications
101;Génie biologique Parcours diététique et nutrition
102;Métiers de l'audio-visuel opt : techn. d'ingeniérie et exploit. équipements
103;Information communication Parcours publicité
104;Administration économique et sociale
105;Histoire de l'art et archéologie
106;DTS Imagerie médicale et radiologie thérapeutique
107;Opticien-Lunetier
108;Bioqualité
109;Génie industriel et maintenance
110;Aéronautique
111;Génie biologique parcours biologie médicale et biotechnologie
112;Psychologie
113;Gestion des transports et logistique associée
114;Science et génie des matériaux
115;Sciences de la vie
116;Ecole normale supérieure Paris Saclay ? arts et design
117;Economie
118;Droit
119;Arts
120;Arts plastiques
121;Sociologie
122;Sciences de la terre
123;Photographie
124;Métiers de l'audio-visuel opt : montage et post-production
125;génie des équipements agricoles
126;Maintenance des véhicules option véhicules de transport routier
127;Fluide, énergie, domotique - option C domotique et bâtiment communicants
128;Enveloppe des bâtiments : conception et réalisation
129;Philosophie
130;Analyses de biologie médicale
131;Economie et gestion
132;Architecture
133;Systèmes constructifs bois et habitat
134;Métiers du livre
135;Métiers de la mesure
136;Gestion et maitrise de l'eau
137;Histoire des Arts
138;Musicologie
139;Physique
140;Sciences de la Terre et environnement
141;Conception et industrialisation en microtechniques
142;Carrières sociales Parcours animation sociale et socioculturelle
143;Développement, animation des territoires ruraux
144;Métiers de l'eau
145;Paysage
146;Sciences pour l'ingénieur
147;Gestion forestière
148;Motorisations toutes énergies
149;Maintenance des véhicules option voitures particulières
150;Assistance Conseil Vente à distance
151;Gestion administrative et commerciale des organisations
152;Traitement des matériaux
153;Carrières sociales Parcours assistance sociale
154;Sciences de la vie et de la terre
155;Sciences et technologies des aliments spécialité Aliments et processus technologiques
156;Cadre technique génie de l'environnement marin
157;Diplôme d'Etablissement
158;Métiers de la chimie
159;Sciences du langage
160;Sciences et technologies des aliments spécialité Viandes et produits de la pêche
161;Métiers de la Transition et de l'Efficacité Énergétiques
162;Génie chimique génie des procédés
163;Aquaculture
164;Métiers de l'audio-visuel opt : métiers de l'image
165;Santé environnement : Techniques de laboratoire
166;Physique, chimie
167;Métiers du multimédia et de l'internet
168;Etudes européennes et internationales
169;Innovations textiles - Option A : Structures
170;Animation et gestion des activités sportives, physiques ou culturelles, parcours animation
171;Cursus préparatoire aux concours des grandes écoles d'ingénieurs
172;Europlastics et composites à référentiel commun européen - option Conception d'Outillage
173;Conception et réalisation de carrosseries
174;Podo-orthésiste
175;Ecole nationale des Chartes
176;Métiers des Services à l'environnement
177;Information communication Parcours métiers du livre et du patrimoine
178;Année préparatoire
179;Information et communication
180;Droit français - Droit étranger
181;Sciences de l'éducation
182;Génie civil
183;Diplôme National d'Art
184;Assistant ingénieur en biologie-biochimie - biotechnologies (bac +3)
185;Métiers de la mode-vêtements
186;Science politique
187;Préparation aux concours des écoles de commerce, Parcours Gestion
188;Sciences et Humanités
189;Mathématiques et informatique appliquées aux sciences humaines et sociales
190;Organisateur de réception
191;Technicien en énergies renouvelables (option énergie électrique)
192;Technicien en énergies renouvelables (option thermique)
193;Sciences sanitaires et sociales
194;Bicursus Architecture Ingénieur
195;Humanités
196;Technicien ascensoriste, service et modernisation
197;Prothésiste dentaire
198;Prothésiste orthésiste
199;Administration et Echanges internationaux
200;Agent de contrôle non destructif
201;Carrières sociales parcours villes et territoires durables
202;Technicien en réseau électrique
203;Accueil dans transports
204;Etude et réalisation d'agencement
205;Finitions, aménagement des bâtiments: conception et réalisation
206;Maintenance des systèmes - option C Systèmes éoliens
207;Aéronautique option hélicoptère moteur à turbines
208;Pilotage des procédés
209;Diplôme d'Université
210;Services financiers
211;Accueil réception
212;Sciences pour la santé
213;D.E manipulateur/trice en électroradiologie médicale
214;Cycle Universitaire de Préparation aux Grandes Ecoles Scientifiques
215;Aéronautique - option avionique
216;Technicien(ne) en soudage
217;Métiers de la mode-chaussure et maroquinerie
218;Métiers de la coiffure
219;Systèmes photoniques
220;Sciences et technologies
221;Conception de processus de découpe et d'emboutissage
222;Electronique, énergie électrique, automatique
223;Classe préparatoire aux études supérieures - Arts
224;Cycle Universitaire Préparatoire aux Grandes Écoles de commerce
225;Lettres, langues
226;Métiers de la forme
227;Mécatronique navale
228;Spécialité Educateur sportif - Mention Activités de la forme
229;Spécialité Educateur sportif - Mention Activités aquatiques et de la natation
230;Spécialité Educateur sportif - Mention Activités physiques pour tous
231;Animation et gestion des activités sportives, physiques ou culturelles, parcours activités de pleine nature
232;Animation et gestion des activités sportives, physiques ou culturelles, parcours activités aquatiques
233;Espace
234;Spectacle
235;Objet
236;Matériaux
237;Graphisme
238;Numérique
239;Innovation sociale
240;Animation
241;Événement
242;Maintenance des installations oléohydrauliques et pneumatiques
243;Livre
244;Mode
245;Animation-gestion de projets dans le secteur sportif
246;D.E Infirmier
247;Classe de mise à niveau au BTS Maritime Pêche et Gestion de l'Environnement Marin
248;D.E Educateur de Jeunes Enfants
249;D.E Assistant de Service Social
250;D.E Educateur Spécialisé
251;Spécialité Educateur sportif - Mention Tennis de table
252;Lettres / Anglais
253;Histoire / Allemand
254;Théologie
255;FCIL
256;Statistique et informatique décisionnelle
257;D.E Educateur Technique Spécialisé
258;Sciences sociales
259;Formation valant grade de licence
260;Sciences Po / Instituts d'études politiques - Sciences Humaines et Sociales - Grade Master
261;Diplôme National d'Art option art, mention conservation-restauration des biens culturels
262;D.E Ergothérapeute
263;Formation des écoles de commerce et de management Bac + 5
264;D.E Psychomotricien
265;Formation des écoles de commerce et de management Bac + 4
266;Diplôme National d'Art option art, mention images animées
267;Diplôme National d'Art option communication
268;Formation des écoles supérieure d'art Bac + 5
269;Formation des écoles supérieures de cuisine Bac +3
270;Certificat de capacité d'Orthophoniste
271;D.E Pédicure-Podologue
272;Parcours d'Accès Spécifique Santé (PASS)
273;Formation des écoles supérieure d'art Bac + 3
274;D.E Audioprothésiste
275;Certificat de capacité d'Orthoptiste
276;Conservation-restauration des biens culturels
277;Santé et société
278;Mathématiques, Physique et Sciences pour l'Ingénieur
279;Manager en Biotechnologies (bac +5)
280;Management opérationnel de la sécurité
281;Pratique et gestion des activités physiques, sportives et de loisirs pour les publics séniors
282;Formation Bac + 3
283;Formation Bac+6
284;ECG - Mathématiques approfondies + ESH
285;ECG - Mathématiques approfondies + HGG
286;ECG - Mathématiques appliquées + HGG
287;ECG - Mathématiques appliquées + ESH
288;MP2I
289;Diplôme d'Université - PAREO
290;Formation des écoles supérieures de cuisine Bac +4
291;Droit, Sciences et Innovation
292;Technicien(ne) en tuyauterie
293;Formation Supérieure de Spécialisation
294;Licence professionnelle
295;Classe préparatoire aux études supérieures - Scientifique
296;Services numériques aux organisations
297;Sciences de l'éducation et de la formation
298;Administration publique
299;Histoire / Géographie
300;Technico-commercial - Spécialité biens et services pour l'agriculture
301;Pluridisciplinaire
302;Sciences de la transition écologique et sociétale
303;Cycle pluridisciplinaire d'Études Supérieures - Sciences et société
304;Mécatronique Navale
305;Classe préparatoire aux études supérieures - Economie-Gestion
306;Maintenance des systèmes - option D:  maintenance des ascenseurs et élévateurs
307;Aéronautique option avions à moteur à pistons
308;Biotechnologies
309;Industries céramiques
310;Génie biologique Parcours agronomie
311;Classe préparatoire aux études supérieures - Générale
312;Information communication Parcours information numérique dans les organisations
313;Production, contrôles et qualité des produits de santé
314;TPC
315;Géologie appliquée
316;Assistant juridique
317;Carrières sociales Parcours éducation spécialisée
318;Etudes culturelles
319;Médiations citoyennes : éducation, culture, social, environnement
320;Théologie Catholique
321;Packaging, emballage et conditionnement
322;Sciences et technologies des aliments spécialité Produits laitiers
323;Cinéma et Audiovisuel
324;Etudes théâtrales
325;Techniciens Spécialisés de la Construction
326;Mathématique - Préparation aux écoles d'ingénieurs
327;Maintenance des véhicules option motocycles
328;Analyse des milieux biologiques
329;Développement de l'agriculture des régions chaudes
330;Intervention Sociale
331;Aéronautique option avions à moteur à turbines
332;Prep'ISIMA
333;D.E Technicien de Laboratoire Médical
334;Parcours scientifique renforcé
335;Gestionnaire d'unité commerciale (option généraliste / option spécialisée) (bac +2)
336;Mécanique
337;Diplôme National d'Art option art
338;Diplôme National d'Art option design, mention design graphique et interactivité
339;Technicien en chaudronnerie aéronautique et spatiale
340;Spécialité Perfectionnement sportif - MentionVélo tout terrain
341;Ornement
342;Pêche et gestion de l'environnement marin
343;Lettres / Histoire
344;Maintenance des systèmes électro-navals
345;Diplôme National d'Art option design
346;Technicien(ne) supérieur(e) en maintenance industrielle (bac +2)
347;Sciences biomédicales
348;Economie, Mathématiques
349;Informatique, Sciences de la vie
350;Sciences de la Terre et Sciences Physiques
351;Lettres / Sciences du langage
352;Droit et Culture Juridique - Classe Préparatoire (Prépa D1)
353;Bureautique et Communication Multimédia
354;Sciences cognitives
355;Sciences des systèmes communicants
356;Cycle pluridisciplinaire d'Études Supérieures - Sciences pour l'ingénieur - Economie
357;Classe préparatoire aux études supérieures - Cinéma audiovisuel
358;Spécialité animateur - Mention Animation sociale
359;Cycle pluridisciplinaire d'Études Supérieures - Sciences - Environnement - Société
360;Classe préparatoire aux études supérieures - Littéraire
361;Animation, commercialisation des services sportifs
362;Cycle Universitaire Préparatoire aux Grandes Ecoles - Physique et Mathématiques
363;Cadre technique production et valorisation des ressources marines
364;Technologies de l'organisation dans les professions de santé
365;Cycle préparatoire Physique Chimie, parcours renforcé
366;Maintenance des matériels de construction et de manutention
367;Carrières sociales parcours coordination et gestion des établissements et services sanitaires et sociaux
368;Maquettes et prototypes
369;Parcours physique-chimie
370;Cycle Préparatoire Lettres  - Licence renforcée
371;Vendeur-conseil en produits techniques pour l'habitat
372;Formation de base aux métiers du théâtre
373;Cycle pluridisciplinaire d'Études Supérieures - Sciences
374;Spécialité Educateur sportif - Mention Judo-Jujitsu
375;Spécialité Educateur sportif - Mention Activités équestres
376;Patrimoine
377;Accueil d'excellence en tourisme
378;Métiers de la cohésion sociale
379;Spécialité Educateur sportif - Mention Voile multi-supports jusqu'à 6 miles nautique d'un abri
380;Histoire / Anglais
381;Assistant ingénieur en biologie, biochimie, biotechnologie
382;Classe préparatoire aux études supérieures - Sciences économiques
383;Technicien supérieur de maintenance et d'exploitation en climatique (bac +2)
384;Cinéma
385;Chimie, Sciences de la vie
386;Mathématiques et applications
387;Anglais / Langue asiatique
388;Responsable de projets informatiques (bac +3)
389;Technicien en peinture aéronautique
390;Cycle universitaire préparatoire aux grandes écoles - Mécanique
391;Sciences Po / Instituts d'études politiques - Sciences Humaines et Sociales - Grade Licence
392;Cycle universitaire préparatoire aux grandes écoles - Parcours Informatique, Mathématiques
393;Apiculture
394;Cycle pluridisciplinaire d'Études Supérieures - Humanités, Lettres et Sociétés
395;Cycle pluridisciplinaire d'Études Supérieures - Sciences de la transition écologique et sociétale
396;Cycle pluridisciplinaire d'Études Supérieures - Sciences et humanités
397;Spécialité Perfectionnement sportif - MentionRugby à XV
398;Cycle pluridisciplinaire d'Études Supérieures - Sciences pour l'ingénieur
399;Information communication Parcours journalisme
400;Sciences et technologies des aliments spécialité Produits céréaliers
401;Cycle Universitaire Préparatoire aux Grandes Ecoles - Mathématiques et Physique
402;Informatique d'Organisation des Systèmes d'Information
403;Forge
404;Technicien de la mer et du littoral
405;Activités physiques et sportives adaptées : déficiences intellectuelles, troubles psychiques
406;Théologie Protestante
407;Innovations textiles - Option B : Traitements
408;Animation et gestion des activités sportives, physiques ou culturelles, parcours agent de développement de club sportif
409;Cycle pluridisciplinaire d'Études Supérieures - Humanités
410;Webmaster et métiers de l'internet
411;Paysagiste concepteur
412;Environnement nucléaire
413;Parcours mathématiques-physique
414;Responsable technique en bâtiment et travaux publics (bac +2)
415;Acoustique et Vibrations
416;Mise à niveau pour l'accès au BTS MASEN
417;Gestion et protection de la nature / DE d'alpinisme-accompagnateur en moyenne montagne
418;Spécialité Educateur sportif - Mention Canoë-Kayak en eau vive
419;Technicien des services à l'énergie
420;Informatique, Mathématiques
421;Droit, Economie
422;Droit, Informatique
423;Spécialité Perfectionnement sportif - MentionEscalade en milieu naturel
424;Bâtiment et travaux publics
425;Titre professionnel - Organisateur de transports aériens ou maritimes de marchandises (Bac +2)
426;Sciences et société
427;Art de la dorure à chaud
428;Parcours Informatique / Mathématiques
429;Classe préparatoire aux études supérieures - Sciences politiques et sociales
430;Cycle pluridisciplinaire d'Études Supérieures - Mobilités douces, développement durable et ouverture internationale
431;Conception et industrialisation en construction navale
432;Classe Préparatoire Universitaire Mathématiques - Physique - Informatique
433;Bâtiment et Construction
434;Métiers des bibliothèques et de la documentation
435;Edition
436;Cycle universitaire préparatoire aux grandes écoles
437;Chargé de mission qualité, sécurité, santé au travail et environnement (Bac + 3)
438;Préparation aux concours des écoles de commerce, Parcours Economie- Finance
439;Mathématiques, physique, chimie, informatique
440;Classe Préparatoire Universitaire - Physique - Chimie
441;Peinture décoration
442;Cycle universitaire préparatoire aux grandes écoles - Physique
443;Géomètre-Géomaticien (bac +2)
444;Cycle pluridisciplinaire d'Études Supérieures - Economie, société et droit
445;Activités physiques et sportives et inadaptations sociales
446;Instrument
447;Diplôme National d'Art option design, mention design graphique
448;Archéologie, histoire de l'art, anthropologie
449;Mathématiques, Sciences de la vie
450;STAPS, Sciences pour l'ingénieur
451;Cycle Universitaire Préparatoire aux Grandes Ecoles
452;Cycle pluridisciplinaire d'Études Supérieures - Sciences et technologies
453;Cycle pluridisciplinaire d'Études Supérieures - Economie
454;Cycle pluridisciplinaire d'Études Supérieures - Sciences de la matière
455;Cycle pluridisciplinaire d'Études Supérieures - Sciences de la vie
456;Frontières du vivant
457;FCIL Maintenance de 1er niveau des véhicules routiers
458;FCIL classe passerelle BTS option service
459;FCIL Technicien de la Transition Energétique du Bâtiment
460;Notariat
461;FCIL Secrétariat Médico Social
462;FCIL Mécanicien circuit auto
463;FCIL Techniques spécifiques Couture et Luxe
464;FCIL préparation aux concours de la sécurité publique et civile
465;FCIL Ecole européenne du goût et art de la table
466;FCIL Electricien du spectacle
467;FCIL classe passerelle BTS
468;FCIL Technicien motoriste option Mécanique Hors Bord
469;FCIL Technicien motoriste option Mécanique In Bord
470;Activités physiques pour tous
471;Activités sports collectifs
472;Activités de la forme
473;Activités aquatiques et de la natation
474;Diplôme d'Université CAES
475;CPES - Arts
476;FCIL Technicien réseaux très haut débit fibre optique
477;FCIL Art et Couture
478;FCIL Technicien de maintenance et de déploiement numérique
479;FCIL Secrétaire juridique
480;FCIL - CAES - Option Services
481;Formation Bac + 4
482;FCIL Communication web et webmarketing
483;FCIL Technicien en Maintenance et Conduite de Centrales Photovoltaïques
484;Cycle pluridisciplinaire d'Études Supérieures - Sciences et sociétés
485;FCIL - Environnement Numérique au Service de l'Autonomie de la Personne
486;Dispositif SAS - Préparation à l'apprentissage
487;FCIL - CAES - Option Production
488;Gestion logistique et transport
489;Technico-commercial (BTSA)
490;Moteur à combustion interne
491;CPES - Scientifique
492;Génie thermique et énergie
493;CPES - Littéraire
494;Chargé de projet en aménagement durable du territoire (bac +2)
495;FCIL Mécanicien en compétition automobile - Option monoplace
496;Maintenance hôtelière, hospitalière et immobilière
497;Cycle pluridisciplinaire d'Études Supérieures - SESJ
498;Judo-Jujitsu
499;FCIL Smart Home
500;FCIL Son et éclairage en spectacle vivant
501;FCIL classe passerelle BTS option production
502;FCIL Domotique appliquée à la santé / gestion technique de bâtiment
503;FCIL Technicien(ne) réseaux et services numériques
504;FCIL secrétariat médical
505;FCIL Maintenance Milieu Nucléaire
506;FCIL Restauration Meubles Anciens
507;FCIL DAide déclarant en douane
508;FCIL Ouvrier voilier polyvalent
509;FCIL - Tourneur fraiseur sur machines conventionnelles dans l'aéronautique et l'aérospatiale
510;FCIL Multimédia
511;FCIL Crémier-fromager : territoire, art culinaire et vins de champagne
512;FCIL Chef de rang
513;Informatique, Management
514;FCIL Maroquinerie / Gainerie / Sellerie de luxe
515;FCIL Préparation aux concours de la fonction publique concernant les métiers de la sécurité
516;FCIL Services aéroportuaires
517;CPES - Sciences économiques
518;Vélo tout terrain
519;Métiers de l'animation sociale, socio-éducative et socio-culturelle
520;Voile multi-supports jusqu'à 6 miles nautique d'un abri
521;FCIL Contrôle Technique
522;Activités physiques pour tous / Activités sports collectifs
523;FCIL Conseiller commercial en automobile
524;FCIL Technico-commercial en équipement de la maison et du multimédia
525;FCIL Technicien sur Lignes de Productions Industrielles
526;FCIL Responsable d'exécution de travaux de réhabilitation : reprise et rénovation d'ouvrage de Gros ?uvre
527;CPES - Générale
528;FCIL agent hydrothermal
529;FCIL Electromobilité
530;FCIL Technicien sur centre d'usinage bois 3 et 5 axes - Concepteur sur modeleur 3D
531;FCIL Esquisse
532;FCIL administration de projets dans le secteur du tourisme
533;FCIL Assistant(e) gouvernant
534;Canoë-Kayak
535;FCIL Administrateur réseau, infrastructure et système numérique
536;Surf
537;Tennis de table
538;FCIL Sociale Esthétique
539;FCIL - Mobilités Urbaines, maintenances des véhicules électriques légers (Vélos électriques, trottinettes, hoverboards, ...)
540;FCIL - Entreprenariat Hôtellerie
541;Cycle universitaire préparatoire aux grandes écoles - Parcours Sciences pour l'ingénieur
542;FCIL BARISTA
543;FCIL Service aux personnes en environnement numérique
544;FCIL E-Commerce
545;FCIL Gestion dossier retraite prévoyance et santé
546;FCIL Formation aux compétences numériques de la vente dans l'entreprise
547;FCIL Technicien polyvalent dans les systèmes audiovisuels professionnels
548;"FCIL Agent de maitrise de ""métré bois"""
549;FCIL Technicien de systèmes de sécurité et d'incendie
550;FCIL Mécanique de compétition - préparation moteurs
551;FCIL Chef de rang à la française - Relais & Chateaux
552;FCIL Projeteur/euse Building Information Modeling (BIM)
553;FCIL Technicien de prise en charge de la personne âgée non autonome option maladie d'alzheimer
554;FCIL Santé et bien être de la personne âgée
555;FCIL Technicien des systèmes auxiliaires et véhicules électriques
556;FCIL Sommellerie
557;FCIL maintenance équipements audiovisuels et électroménager
558;FCIL - Parcours polyvalent en recyclage et réhabilitation des véhicules
559;Année préparatoire à l'École Nationale de la Marine Marchande - Officier 1ère classe
560;Webmaster et gestionnaire d'intranet
561;FCIL Nivoculteur
562;FCIL Assistant gestion site web et communication numérique multimédia, à destination des clients et des usagers
563;FCIL Hydro - esthétique
564;FCIL CAO - DAO du bâtiment
565;FCIL Scénographie de la communication
566;FCIL Adjoint des cadres sanitaires et sociaux - Secrétariat médico-social
567;FCIL Métiers de Laboratoire
568;FCIL Formation graphisme et communication visuelle
569;FCIL Commerce international des vins, spiritueux et oenotourisme
570;FCIL Secrétariat Assistant Médico-Social
571;FCIL Prototypiste Mécanicien(ne) Modèle
572;FCIL Fibre optique
573;FCIL Moteurs hors bord haute technicité
574;FCIL Véhicules nautiques motorisés (Jet ski)
575;FCIL -  Métiers du plâtre
576;FCIL - SVDI (Sureté vidéo détection incendie)
577;FCIL - Marchandiseur Visuel Cross Canal
578;FCIL Visual Merchandising
579;ECE - Option économique
580;Génie biologique Option génie de l'environnement
581;Commerce international à référentiel européen
582;Technico-commercial (BTS)
583;Biotechnologie
584;ECS - Option scientifique
585;Techniques physiques pour l'industrie et le laboratoire
586;Option économique - Prépa St Cyr
587;Génie biologique Option analyses biologiques et biochimiques
588;Génie biologique Option agronomie
589;Génie biologique Option industries agroalimentaires et biologiques
590;Information communication Option information numérique dans les organisations
591;Information communication Option communication des organisations
592;Information communication Option publicité
593;Etude et économie de la construction
594;Carrières sociales Option services à la personne
595;Information communication Option métiers du livre et du patrimoine
596;Génie biologique Option diététique
597;Techniques de commercialisation - Formation trinationale franco-germano-suisse IBM
598;Génie mécanique et productique trinational
599;FCIL Technicienn(ne) de maintenance des nouvelles technologies automobiles
600;FCIL technicien d'usinage 5 axes
601;FCIL Interprétation Données Digitales
602;FCIL Technicien de maintenance et exploitation énergies nouvelles
603;FCIL Peinture Aeronautique
604;Basket-ball
605;Bureautique et multimédia
606;FCIL 2020 - CAES - Option Production
607;FCIL 2020 - CAES - Option Services
608;Carrières sociales Option assistance sociale
609;Animateur qualité, sécurité, santé au travail et environnement (bac +3)
610;cycle préparatoire ingénieur (matériaux)
611;Cycle préparatoire aux concours des Instituts d'Etudes Politiques de régions (Val de Seine)
612;Génie biologique Option bio-informatique
613;Carrières sociales Option animation sociale et socio-culturelle
614;Aménagement finition
615;Information communication Option journalisme
616;Carrières sociales Option éducation spécialisée
617;Carrières sociales Option gestion urbaine
618;Gestion administrative et commerciale des organisations - Arts
619;Cycle préparatoire ingénieur technologies de l'information
620;Technicien Supérieur du transport terrestre de marchandises (bac +2)
621;Génie électrique et informatique industrielle - Trinational
622;Technicien Supérieur du transport aérien et maritime de marchandises (bac +2)
623;Vendeur spécialisé en produits techniques pour l'habitat
624;Année préparatoire à l'École Nationale de la Marine Marchande - Officier machine
625;FCIL Maintenance de l'usine du futur
626;FCIL Méthodes et pratiques en construction durable pour le bâtiment
627;FCIL Articles Techniques-Vêtements outdoor
628;FCIL Concierge d'Hôtel
629;FCIL Robotique
630;Science et génie des matériaux - arts appliqués
631;Escalade en milieu naturel
632;Cycle préparatoire aux concours des Instituts d'Etudes Politiques de régions (Camille Saint Saëns)
633;Titre professionnel Manager d'Unité Marchande (bac +2)
634;FCIL Tourneur fraiseur sur machines conventionnelles
635;FCIL Négociation commerciale et digitale dans l'industrie
636;FCIL Lutherie des instruments à cordes pincées
637;Techniques de commercialisation - Formation franco-allemande en gestion touristique TEC2TOUR
638;FCIL usinage adaptation à l'emploi
639;Génie civil Trinational
640;bac S
641;bac STI2D
642;bac STI2D,STL
643;Commerce
644;bac STL
645;Ecole normale supérieure de Cachan ? section C ? arts et design
646;PACES - Médecine, Pharmacie, Odontologie (dentiste), Maïeutique (sage-femmes)
647;Etudes et réalisation d'un projet de communication - 1ère année commune
648;Qualité dans les industries alimentaires et les bio-industries
649;ARS Année de Remise à Niveau Scientifique
650;Océanographe - Prospecteur
651;Design graphique option Communication et médias imprimés
652;Design graphique option Communication et médias numériques
653;Cinéma d'animation
654;Design d'espace
655;bac S,STI2D
656;Préparation aux concours paramédicaux
657;Design de produits
658;Habitat décors et mobiliers. Spécialité : Ebénisterie
659;Ecole supérieure d'art
660;Scientifique
661;Cycle préparatoire aux concours des Instituts d'Etudes Politiques de province (Val de Seine)
662;Chargé de projet en aménagement durable du territoire
663;Année préparatoire aux Etudes de Santé
664;Mécanicien en compétition automobile - Option monoplace
665;DU informatique
666;Gestionnaire d'unité commerciale
667;Classe préparatoire aux écoles paramédicales
668;Bac +1/+2
669;Chimie-Physique entièrement enseigné en anglais
670;Bac STL, STAV, STI2D, ES Spé Math, PSC0
671;DU PAREO
672;Bachelor EPF - ICD
673;"Programme Bachelor visé en 3 ans - Option ""Event Management"""
674;Sciences économiques
675;Maintenance des systèmes électronavals
676;Bachelor Y
677;Cycle préparatoire intégré
678;Cycle Préparatoire Intégré - Spécialité Généraliste, BTP, Informatique, Systèmes embarqués
679;MC moteur diesel
680;DU - DGC (Diplôme de Gestion et de Comptabilité)
681;Intégrateur Web
682;Dispositif rebond
683;Bac S, ES (option Maths), STAV STL et STI2D
684;Bac ES - Option Maths
685;Diplôme intensif de Russe
686;Action, commercialisation des services sportifs
687;FCIL Usinage - technicien d'atelier régleur
688;Manager en ingénierie d'affaires industrielles
689;DU Préparation à l'enseignement supérieur
690;Bachelor responsable opérationnel à l'international
691;DU ICI (Initiatives se Construire et Innovation)
692;AccES
693;Bac S, ES, L
694;Préparation au concours IEP
695;Générale
696;Année Préparatoire aux Licences Mathématiques et Informatique (L0)
697;Technicien Supérieur Géologie
698;Horticulture-Paysage
699;Année de Remise à Niveau Scientifique
700;Bachelor en Management International
701;Préparation concours écoles de cinéma, photo, image (PREP'ARTS)
702;Responsable technique en bâtiment et travaux publics
703;Littéraire
704;Cycle pluridisciplinaire d'enseignement supérieur - SESJ
705;Aviron
706;Canoë-kayak et disciplines associées en eau vive
707;Diplôme Universitaire de Préparation Aux Concours de Catégorie B
708;DU - Préparatoire au Diplôme de Comptabilité et de Gestion - DCG
709;Bachelor - Bacs S
710;Golf
711;Agroalimentaire - Cycle préparatoire ingénieur - ONIRIS
712;Programme Grande Ecole en 5 ans - Grade de Master Concours TEAM
713;Etudes Théatrales
714;Bachelor Solutions numériques connectées
715;FCIL pilote de ligne et de production
716;Economie, Gestion et Ethique de l'Entreprise (diplôme valant reconnaissance de niveau Licence)
717;Gestion Internationale de l'Entreprise et Ethique (diplôme valant reconnaissance de niveau Licence)
718;Bachelor en commerce et management à l'international (IMBS ? International management and business studies)
719;Technicien(ne) supérieur(e) en maintenance industrielle
720;Dispositif ELAN
721;Rugby à XV
722;DU - Digital U
723;Programme Grandes Ecoles - Grade Master
724;FCIL Préparation mécanique des véhicules de sport et de collection
725;Management - Communication
726;Année Préparatoire aux Etudes des Métiers de la Rééducation (APEMR)
727;Bachelor Manager de projet Immobilier
728;Technicien sur centre d'usinage bois 3 et 5 axes - Concepteur sur modeleur 3D
729;FCIL Formation préparatoire aux métiers de plongeur de bord et plongeur démineur de la Marine Nationale
730;Initiation aux Métiers de la Santé et aux Professions Médico-Sociales
731;audiovisuel
732;Classe de mise à niveau pour l'entrée en BTS et les poursuites d'études scientifiques
733;Méd. Bio. Pass
734;Mise à niveau pour les études scientifiques
735;Classe d'approfondissement en arts plastiques
736;Design de mode, textile et environnement opt : mode
737;Santé, environnement : techniques industrielles et commerciales
738;Design de mode, textile et environnement, option textile et matériaux de surface
739;Insertion à la Licence Scientifique (APILS)
740;Mise à niveau Scientifique
741;Préparation aux concours d'entrée des écoles d'Orthophonie
742;Bio-industries et biotechnologies
743;Préparation aux concours d'entrée des écoles de Psychomotricité
744;Cycle pluridisciplinaire d?'enseignement supérieur - Humanités
745;Bac S,STAV,STL
746;Technicien en Qualité Sécurité Environnement Management des risques
747;Cycle préparatoire aux concours des Instituts d'Etudes Politiques de province (Camille Saint Saëns)
748;bac ES
749;PCSO : Préparation aux cursus scientifiques d'Orsay
750;Mise à niveau scientifique
751;Assistant ingénieur en biologie-biochimie - biotechnologies
752;CPESIP (Cycle préparatoire aux Etudes Supérieures et à l'Insertion Professionnelle)
753;Bicursus Architecure Ingénieur EIVP
754;Technicien Supérieur du transport aérien et maritime de marchandises
755;Préparation aux concours d'entrée en écoles d'audioprothésiste
756;Bicursus Architecure Ingénieur ESTP
757;Classe de mise à niveau Cinéma-Audiovisuel
758;Activités équestres
759;Agroalimentaire
760;Préparation aux concours d'entrée en écoles d'orthoptiste
761;Année de Réussite à Toulouse en Economie - Option économie gestion ou économie droit
762;Géomètre-Géomaticien
763;Habitat décors et mobiliers. Spécialité : menuiserie en sièges
764;Optimisation de la performance chez l'athlète de haut niveau
765;DU Web Design et mutation numérique du journalisme (SupMédiaWeb)
766;Cycle pluridisciplinaire d'enseignement supérieur - Sciences
767;Passerelle vers DUT
768;Diplôme d'Initiation à l'Arabe
769;Diplôme d'Initiation au Chinois
770;Diplôme d'Initiation au Russe
771;Bachelor - Bac STL, STAV, STI2D, ES, L
772;"Programme Bachelor visé en 3 ans - Option ""Business Development"""
773;Restauration Meubles Anciens
774;Bachelor Marketing Digital - ESSCA - EFREI Paris
775;Technicien supérieur de maintenance et d'exploitation en climatique
776;DU - Pluridisciplinaire Projet Personnel
777;Diplôme d'université Collège de droit de la Sorbonne 1ère année
778;Année Préparatoire aux Etudes Supérieures Scientifiques
779;Préparation aux concours d'entrée des écoles de Soins Infirmiers
780;Handball
781;Tennis de table (BPJEPS)
782;Aviron (BPJEPS)
783;Judo-Jujitsu (BPJEPS)
784;Tennis
785;Formation préparatoire aux professions de santé (DUPPS)
786;Arts appliqués
787;Management des unités commerciales
788;Canyonisme
789;Design Communication - Espace - Volume
790;Diplôme d'état de manipulateur/trice en électroradiologie médicale
791;Décor architectural A : Traitement plastique de la transparence (vitrail)
792;Diplôme d'état d'Educateurs Techniques Spécialisés
793;bac ES,STI2D,STL,bac +1+2 S
794;bac S,STI2D,STL
795;Textile
796;Diplôme d'état d'Assistant de service social
797;Diplôme d'état d'Educateur de Jeunes Enfants
798;Diplôme d'état d'Educateur Spécialisé
799;Préparation aux concours d'entrée des écoles d'Educateur spécialisé
800;Transport et prestations logistiques
801;Année préparatoire à l?École Nationale de la Marine Marchande - Officier 1ère classe
802;Classe préparatoire aux écoles des carrières sociales
803;Régie de spectacle Option son
804;Décor architectural Option arts du verre et du cristal
805;bac STAV, STL
806;Licence intégrée franco-allemande en droit
807;Préparation aux concours d'entrée des écoles de Kinésithérapeute
808;Langues, littératures & civilisations étrangères
809;Spéléologie
810;Aviron (DEJEPS)
811;Tennis de table (DEJEPS)
812;Badminton
813;Volley-ball (DEJEPS)
814;Activités gymniques
815;bac ES,L
816;Décor architectural C : Métal
817;Décor architectural B : Décor du mur : Mosaïque / fresque
818;Habitat Option Ornement et Objets. Spécialité : gravure en modelé
819;Habitat Option Ornement et Objets. Spécialité : conception application métal
820;Cycle préparatoire informatique
821;Diplôme d'Etat de Technicien de Laboratoire Médical
822;Diplôme d'Ostéopathe
823;productions animales pour Bac pro agricole : accéder à une école d'ingénieur
824;Arts Graphiques Option Gravure
825;ENS Cachan C
826;Option costumier réalisateur
827;Régie de spectacle Option lumière
828;Textile Céramique : Arts textiles, option broderie
829;Textile Céramique : Arts textiles, option tissage
830;Mise à niveau en sciences et technologies
831;Mathématiques Physique Préparation Concours
832;Classe préparatoire en ergothérapie
833;Motocyclisme
834;BMX
835;Analyses agricoles biologiques et biotechnologiques pour Bac pro agricole : accéder à une école d'ingénieur
836;Habitat Option décors et mobilier
837;Diplôme des métiers d'arts
838;Préparation aux concours d'entrée des écoles d'Educateur de Jeunes Enfants
839;Préparation aux concours d'entrée des écoles d'Assistant de service social
840;Cycle préparatoire Physique Chimie, parcours d'Excellence
841;Attelage canin
842;Lutte et disciplines associées
843;Athlétisme et disciplines associées
844;Judo-Jujitsu (DEJEPS)
845;Décor architectural D : Matériaux de synthèse
846;Habitat décors et mobiliers. Spécialité : tapisserie
847;Habitat décors et mobiliers. Spécialité : sculpture sur bois
848;Habitat décors et mobiliers. Spécialité : décors et traitements de surfaces
849;Habitat décors et mobiliers. Spécialité Restauration et conservation de mobilier
850;Arts Graphiques Option Illustration
851;Concepteur en art et industrie céramique
852;Portail
853;Textile Céramique : Céramique Artisanale
854;Art du bijou et du joyau
855;Métiers du sport
856;Cycle préparatoire aux écoles d'ingénieurs
857;DU préparant au BTS Opticien - Lunetier
858;Natation
859;Triathlon
860;Activités gymniques forme et force
861;Décor architectural B : Décor du mur : Laque
862;Habitat Option Ornement et Objets. Spécialité : tournage d'art
863;Habitat Option Ornement et Objets. Spécialité : gravure Ornementale
864;Habitat décors et mobiliers. Spécialité : Marqueterie
865;Habitat Option Ornement et Objets. Spécialité : Ciselure
866;Arts Graphiques Option Reliure Dorure
867;Année préparatoire à l?École Nationale de la Marine Marchande - Officier machine
868;bac STAV,STI2D,STL
