numero;composante_id_paysage
1;
2;1ezXf
3;fiHKV
4;zJcYN
5;qEd7J
6;S9Fza
7;16Z0L
8;PY0NZ
9;Nn3jE
10;6cD9e
11;7s7yT
12;gVc1I
13;P0Jn2
14;Ik17t
15;Y0wtS
16;Ib4aA
17;NvzPN
18;WtTPd
19;9C3xt
20;D9e6u
21;lp6tu
22;5OnFu
23;i2Fja
24;z0W3D
25;E6a33
26;GEBjC
27;54zw6
28;4OSF4
29;upGa1
30;pWLbH
31;jgkH0
32;B8z9z
33;cQN1f
34;zy1rz
35;HzUOX
36;H4yNd
37;5TX6T
38;L6ASt
39;Lq33E
40;luxtt
41;EZPO4
42;pBuL3
43;f5iau
44;ZwGLg
45;ylVkq
46;pxLb3
47;Nx06V
48;4hGhl
49;gOn91
50;5NJw4
51;ZR4an
52;TDaGr
53;MB44Z
54;95T7j
55;Ovw2G
56;kxOw0
57;qLLem
58;03jfv
59;Jj68H
60;EU4i3
61;JpTMv
62;JIZy1
63;yBIbR
64;OgWW9
65;RmK34
66;5Ose8
67;vvXC2
68;3MY2z
69;kL2gS
70;8ZZJd
71;X3T20
72;Qrk1x
73;nQ2jY
74;Deiiw
75;9pRyR
76;TFpAe
77;88a7A
78;38jH5
79;6Bu79
80;Uau0p
81;6mwS3
82;Ntv25
83;E1C4i
84;26cSp
85;8YV3a
86;67su6
87;zO4MN
88;r17M3
89;8qC2N
90;eYD14
91;7ZCCO
92;6UqXL
93;MwrjN
94;28mQt
95;2hk6q
