numero;detail_forma2
1;La Prépa des INP - Groupe INP
2;Concours Geipi Polytech
3;Groupe INSA
4;Concours Puissance Alpha
5;Concours Avenir
6;Concours Advance
7;Concours Bachelor IDRAC Business School
8;
9;EGC d'Occitanie
10;GROUPE ICAM
11;CESI Ecole d?Ingénieurs ? (Paris La Défense)
12;BSB
13;Réseau France Agro3
14;Concours ACCES
15;Concours SESAME
16;ESSCA School of Management - Angers
17;Banque ECRICOME
18;Concours PASS
19;Regroupement Nouvelle Aquitaine
20;Centre de Ressources, d'Expertise et de Performance Sportive d'Ile de France (CREPS)
21;Centre de Ressources, d'Expertise et de Performance Sportive PACA - site d'Aix-en-Provence (CREPS)
22;Réseau des Universités de Technologie
23;Regroupement Bretagne, Pays de la Loire et Centre-Val de Loire
24;Regroupement inter-régions
25;Regroupement Ile de France
26;Regroupement Normandie et Amiens
27;Institut de Formation en Ergothérapie de Berck sur Mer ? Site de Berck
28;ECAM-ECAM LaSalle
29;Ingénieur UniLaSalle (Beauvais, Rouen, Rennes)
30;PUISSANCE ALPHA BACHELOR
31;Concours des écoles nationales vétérinaires publiques
32;IPAG Business School - Campus de Paris
33;Sciences Po Paris - Institut d'études politiques
34;Université du littoral
35;Institut national universitaire Champollion
36;Audencia
37;ISG Paris
38;Ecole Nationale Supérieure d'Architecture de Normandie
39;Sciences Po Lyon - Institut d'Etudes Politiques - campus de Lyon
40;NEOMA Business School - Campus de Rouen - BMS
41;EFREI / ISIT - Institut de Management et de Communication Interculturels Paris
42;CREPS de Toulouse
43;IPSO FORMATIONS
44;CAP'FORMATIONS SPORT
45;Concours CPI Chimie Gay-Lussac
46;Concours TALM
47;Lycée André Malraux
48;Réseau ScPo ? concours commun
49;ESRA
50;Centre de Ressources, d'Expertise et de Performance Sportive Bordeaux-Aquitaine (CREPS)
51;Centre de Ressources, d'Expertise et de Performance Sportive de Poitiers (CREPS)
52;Regroupement Bourgogne ? Franche-Comté et Grand Est
53;Regroupement Occitanie (Est) et PACA
54;Regroupement Auvergne Rhône Alpes et PACA
55;Centre de Ressources, d'Expertise et de Performance Sportive de Dijon (CREPS)
56;South Champagne Business School
57;INSA / Sciences Po (Rennes - Toulouse)
58;Concours GalaxY
59;IESEG School of Management - Lille
60;Institut Paul Bocuse
61;INSTITUT NATIONAL DE PODOLOGIE
62;EFREI Paris
63;SPE FORMATION
64;EPF Paris-Cachan
65;Brest Business School
66;Institut supérieur de rééducation psychomotrice
67;Regroupement Amiens et Strasbourg
68;Toulouse Business School
69;Sup'Biotech Paris
70;Université du littoral - Site de Calais -
71;Excelia Business School
72;Ecole FERRANDI
73;Sciences Po - campus du Havre, de Menton ou de Reims - Hong Kong University
74;Pôle Paris alternance - Réseau des grandes écoles spécialisées
75;CFA de l'ESB
76;Université Toulouse 3 Paul Sabatier
77;Strate - Ecole de design
78;Association Forme de Compiègne
79;Ecole nationale supérieure d'arts et métiers
80;Ecole Camondo
81;Ecole européenne supérieure de l'image
82;Yschools - École Supérieure de Tourisme de Troyes
83;ICN BUSINESS SCHOOL
84;SKEMA Business School - Campus de Lille
85;CREPS Rhône-Alpes
86;Lycée Janson De Sailly
87;Facultés libres de l'Ouest - UCO
88;FIT UNIVERSITY
89;Concours ICD
90;CREPS Pays de la Loire - Antenne de Gorron
91;3IS Institut International de l'Image et du Son
92;Regroupement Nouvelle Aquitaine et Occitanie (Est)
93;Regroupement Auvergne Rhône Alpes
94;Nantes Université
95;École Supérieure d'Art du Nord-Pas de Calais : Dunkerque-Tourcoing
96;Excelia Tourism School
97;Institut Supérieur de Commerce Paris - Campus Paris
98;EFREI
99;Campus de l'excellence sportive de Bretagne
100;CREPS Pays de la Loire - Antenne de Nantes
101;UniLaSalle (Beauvais, Rouen, Rennes)
102;Excelia Tourism and Hospitality School
103;ISC Paris Business School
104;ESEO Angers
105;EPF Sceaux
106;Concours Passerelle Bachelor
107;Audencia Business School
108;Concours des écoles nationales vétérinaires
109;Université de Nantes
110;Centre de Ressources, d'Expertise et de Performance Sportive PACA - site de Boulouris (CREPS)
